animal,tonnes_fofm,true_tonnes_fish,true_tonnes_fofm,correction
salmon,807417.872576,2813892,787889.7600000001,0.9758141190091605
